,gu,name,address,brand,gasoline,diesel,self,carwash,charging station,maintenance,shop,open_24,lat,lng
0,강남구,세곡주유소,서울 강남구  헌릉로 731,SK에너지,1678,1568,Y,Y,N,N,N,N,37.4671565,127.1187081
1,강남구,은마주유소,서울 강남구 영동대로 235,GS칼텍스,1679,1659,N,Y,N,Y,N,N,37.5000721,127.0672848
2,강남구,셀프,서울 강남구 남부순환로 2651,SK에너지,1684,1589,Y,Y,N,Y,N,Y,37.485839,127.0396721
3,강남구,강남셀프주유소,서울 강남구 도곡로 208,HD현대오일뱅크,1684,1604,Y,Y,N,N,N,N,37.492295,127.0418598
4,강남구,자곡셀프주유소,서울 강남구 밤고개로 120,SK에너지,1697,1589,Y,Y,N,N,N,N,37.4834002,127.1040458
5,강남구,방죽주유소,서울 강남구 밤고개로 215,GS칼텍스,1697,1589,Y,Y,N,N,N,N,37.4749926,127.1068866
6,강남구,도곡셀프주유소,서울 강남구  남부순환로 2718,HD현대오일뱅크,1698,1604,Y,Y,N,Y,N,N,37.4854623,127.0432181
7,강남구,유진주유소,서울 강남구 논현로 152,HD현대오일뱅크,1708,1614,N,Y,N,Y,N,N,37.4834182,127.042594
8,강남구,산성셀프주유소,서울 강남구 헌릉로 730,HD현대오일뱅크,1712,1593,Y,Y,N,N,N,N,37.4665675,127.1190803
9,강남구,수서지점,서울 강남구 광평로 202,SK에너지,1718,1597,Y,Y,N,N,N,N,37.4841053,127.0950401
10,강남구,(주)선진도곡주유소,서울 강남구 도곡로 162,S-OIL,1728,1604,N,Y,N,Y,N,N,37.4910831,127.0375983
11,강남구,SK서광주유소,서울 강남구 역삼로 142,SK에너지,1765,1665,Y,Y,N,Y,N,Y,37.4943424,127.0350915
12,강남구,개나리주유소,서울 강남구 언주로 423,S-OIL,1775,1605,Y,Y,N,Y,N,Y,37.5009309,127.0431222
13,강남구,삼성동주유소,서울 강남구 테헤란로 619,HD현대오일뱅크,1795,1695,Y,Y,N,N,N,N,37.5098576,127.0651101
14,강남구,힐탑셀프주유소,서울 강남구 논현로 640,SK에너지,1857,1697,Y,Y,N,N,N,Y,37.5106887,127.0325689
15,강남구,지에스칼텍스㈜에너지플러스허브GS타워,서울 강남구 논현로 516,GS칼텍스,1857,1832,Y,N,N,Y,N,Y,37.50270829999999,127.0363956
16,강남구,개포주유소,서울 강남구 양재대로 339,GS칼텍스,1868,1748,Y,Y,N,N,N,N,37.4722409,127.0515134
17,강남구,압구정주유소,서울 강남구 언주로 842,SK에너지,1877,1737,Y,Y,N,N,N,Y,37.5253431,127.0338242
18,강남구,신사현대주유소,서울 강남구 도산대로 163,HD현대오일뱅크,1963,1863,N,Y,N,N,N,N,37.5195205,127.0263171
19,강남구,한양주유소,서울 강남구 압구정로 302,HD현대오일뱅크,1995,1795,N,Y,N,N,N,N,37.5288681,127.0341046
20,강남구,삼성로주유소,서울 강남구 삼성로 563,GS칼텍스,2049,1985,Y,Y,N,N,N,Y,37.51186149999999,127.0535258
21,강남구,명품주유소,서울 강남구 도곡로 249,S-OIL,2248,2107,Y,Y,N,N,N,Y,37.4942704,127.0455093
22,강남구,대청주유소,서울 강남구 개포로 654,SK에너지,2256,2096,N,Y,N,N,N,N,37.4949503,127.0842686
23,강남구,새서울주유소,서울 강남구 압구정로 154,HD현대오일뱅크,2258,2048,N,Y,N,N,N,Y,37.525835,127.0265422
24,강남구,쎈트럴주유소,서울 강남구 삼성로 335,GS칼텍스,2389,2189,N,Y,N,N,N,N,37.5014209,127.0591408
25,강남구,SK논현주유소,서울 강남구 논현로 747,SK에너지,2435,2270,N,Y,N,Y,N,Y,37.5186368,127.028238
26,강남구,제이제이주유소,서울 강남구 언주로 716,HD현대오일뱅크,2548,2290,N,Y,N,N,N,Y,37.5176472,127.0357349
27,강남구,삼보주유소,서울 강남구 봉은사로 433,GS칼텍스,2620,2580,N,Y,N,N,N,N,37.5115207,127.0471716
28,강동구,고속셀프지점,서울특별시 강동구  천호대로 1246,HD현대오일뱅크,1645,1529,Y,Y,N,N,N,N,37.5365133,127.1493588
29,강동구,대성석유(주)길동주유소,서울 강동구 천호대로 1168,GS칼텍스,1696,1578,N,Y,N,N,N,N,37.5334229,127.1411725
30,강동구,동서울주유소,서울 강동구 천호대로 1456,GS칼텍스,1709,1609,Y,Y,N,N,N,N,37.5451987,127.1702324
31,강동구,고덕주유소,서울 강동구 고덕로 39,GS칼텍스,1726,1598,Y,Y,N,N,Y,N,37.555049,127.1297929
32,강동구,신월주유소,서울 강동구 양재대로 1323,GS칼텍스,1736,1598,Y,Y,N,N,N,N,37.5245597,127.134491
33,강동구,sk해뜨는주유소,서울 강동구  상일로 132,SK에너지,1789,1639,Y,Y,N,Y,N,N,37.5545085,127.1724154
34,강동구,코알라주유소,서울특별시 강동구  올림픽로 556,S-OIL,1790,1670,Y,Y,N,N,N,N,37.5312217,127.1211445
35,강동구,오렌지주유소,서울 강동구 성안로 102,SK에너지,1793,1673,N,Y,N,Y,N,N,37.532314,127.1331781
36,강동구,성내주유소,서울 강동구 올림픽로 578,GS칼텍스,1798,1678,Y,Y,N,Y,N,N,37.5332758,127.1219252
37,강동구,천호현대주유소,서울 강동구 천중로 67,HD현대오일뱅크,1893,1752,N,Y,N,Y,N,N,37.5451331,127.129473
38,강동구,광성주유소,서울 강동구 올림픽로 673,S-OIL,1968,1858,N,Y,N,Y,N,Y,37.5416117,127.1241731
39,강북구,수유동주유소,서울 강북구 도봉로 395,GS칼텍스,1589,1459,Y,N,N,N,N,Y,37.6421556,127.0295862
40,강북구,덕릉로주유소,서울 강북구 덕릉로 158,S-OIL,1589,1459,Y,Y,N,N,N,N,37.6349756,127.0313182
41,강북구,번동주유소,서울 강북구 한천로 963,HD현대오일뱅크,1589,1459,Y,Y,N,N,N,N,37.6355872,127.0330493
42,강북구,미아셀프주유소,서울 강북구 도봉로 200,S-OIL,1635,1495,Y,Y,N,N,N,N,37.6265292,127.0265002
43,강북구,미아주유소,서울 강북구 도봉로 122,GS칼텍스,1639,1494,Y,Y,N,N,N,N,37.6199964,127.0290304
44,강북구,대성석유(주)신광주유소,서울 강북구 삼양로 484,GS칼텍스,1669,1529,N,Y,N,Y,N,N,37.6464088,127.0153285
45,강북구,매일주유소,서울 강북구 삼양로 217,SK에너지,1670,1534,Y,Y,N,N,Y,N,37.6227977,127.0191356
46,강서구,강서오곡셀프주유소,서울 강서구 벌말로 254,SK에너지,1567,1467,Y,Y,N,N,N,Y,37.5539622,126.7684275
47,강서구,강서주유소,서울 강서구 화곡로 273,HD현대오일뱅크,1586,1464,Y,Y,N,Y,N,N,37.549163,126.8469964
48,강서구,KH외발산주유소,서울 강서구 방화대로 30,SK에너지,1587,1459,Y,Y,Y,Y,Y,N,37.5434208,126.816863
49,강서구,화곡역주유소,서울 강서구 강서로 154,알뜰주유소,1597,1443,Y,N,N,N,N,Y,37.5407186,126.8415303
50,강서구,뉴신정주유소,서울 강서구 곰달래로 207,알뜰주유소,1598,1498,N,N,N,Y,Y,N,37.5315796,126.8560524
51,강서구,신화곡주유소,서울 강서구 국회대로 71,SK에너지,1598,1498,Y,Y,N,N,Y,Y,37.5272579,126.8428896
52,강서구,목화주유소,서울 강서구 국회대로 251,알뜰주유소,1598,1498,Y,Y,N,N,N,N,37.5300403,126.8629825
53,강서구,공항주유소,서울 강서구 개화동로 420,HD현대오일뱅크,1605,1466,Y,Y,N,Y,Y,Y,37.574611,126.8023029
54,강서구,경인고속주유소,서울 강서구 국회대로 225,GS칼텍스,1608,1508,Y,Y,Y,N,N,Y,37.5296209,126.859797
55,강서구,등촌주유소,서울 강서구 등촌로 189,HD현대오일뱅크,1609,1479,N,Y,N,Y,N,N,37.546808,126.8625545
56,강서구,마곡드림주유소,서울 강서구 방화대로 254(마곡동),S-OIL,1615,1495,Y,Y,N,N,N,N,37.5590009,126.8167292
57,강서구,스카이주유소,서울 강서구 개화동로 457,S-OIL,1620,1485,Y,Y,N,N,Y,Y,37.5714858,126.8043806
58,강서구,강서열린주유소,서울 강서구 등촌로 213,GS칼텍스,1629,1499,N,Y,N,N,N,N,37.54871199999999,126.8630628
59,강서구,가양주유소,서울 강서구 강서로 498,SK에너지,1644,1493,N,Y,N,Y,Y,Y,37.5697823,126.8419022
60,강서구,하이웨이,서울 강서구 공항대로 432,S-OIL,1647,1565,Y,Y,N,N,N,Y,37.5546677,126.8548053
61,강서구,대성석유(주)방화대성주유소,서울 강서구 양천로 176,GS칼텍스,1649,1518,Y,Y,N,N,Y,N,37.5728815,126.8234821
62,강서구,세원제1주유소,서울 강서구 양천로 311,SK에너지,1658,1548,Y,Y,N,Y,N,N,37.5704525,126.8381572
63,강서구,양화교셀프주유소,서울 강서구 공항대로 653,HD현대오일뱅크,1664,1574,Y,Y,N,N,N,N,37.5473368,126.8774764
64,강서구,화곡현대주유소,서울 강서구 강서로 151,SK에너지,1666,1546,Y,Y,N,N,N,Y,37.5402614,126.8411983
65,강서구,우장산주유소,서울 강서구 강서로 292,SK에너지,1668,1518,Y,Y,N,N,N,N,37.5517753,126.8366337
66,강서구,관문주유소,서울 강서구 공항대로 314,GS칼텍스,1669,1518,N,Y,N,Y,N,N,37.5577232,126.8425243
67,강서구,대성주유소,서울 강서구 강서로 472,GS칼텍스,1669,1518,N,Y,N,Y,N,N,37.5675028,126.8414186
68,강서구,개화주유소,서울 강서구 양천로 57,SK에너지,1677,1537,Y,Y,N,N,N,N,37.5735014,126.8100943
69,강서구,가양주유소,서울 강서구  양천로 391,HD현대오일뱅크,1679,1569,N,Y,N,N,N,N,37.5663968,126.8456842
70,강서구,박물관주유소,서울 강서구 양천로53길 97,GS칼텍스,1698,1558,N,Y,N,Y,Y,N,37.567505,126.850341
71,강서구,코리나(주)청룡주유소,서울 강서구 양천로 576,SK에너지,1768,1648,N,Y,N,N,N,N,37.5567325,126.862765
72,강서구,참솔에너지,서울 강서구 벌말로 281,S-OIL,1857,1698,Y,Y,N,N,N,N,37.5562519,126.7684491
73,강서구,염창동주유소,서울 강서구 양천로 720,SK에너지,2030,1858,N,Y,N,N,N,N,37.5491113,126.8757906
74,관악구,㈜CW창원,서울 관악구 과천대로 921,HD현대오일뱅크,1588,1482,Y,Y,N,Y,N,N,37.4728556,126.9821515
75,관악구,신관주유소,서울 관악구 신림로 290,알뜰주유소,1644,1494,Y,Y,N,N,N,N,37.480413,126.9306665
76,관악구,행운주유소,서울 관악구 남부순환로 1883,SK에너지,1664,1544,Y,Y,N,N,N,N,37.4791083,126.9591697
77,관악구,서일석유(주)락성주유소,서울 관악구 남부순환로 1920,GS칼텍스,1665,1545,Y,Y,N,Y,N,Y,37.47717919999999,126.9623883
78,관악구,보라매주유소,서울 관악구  보라매로 26,SK에너지,1674,1541,Y,Y,N,N,N,N,37.4916874,126.9271603
79,관악구,유림주유소,서울 관악구 신림로 176,S-OIL,1698,1598,N,Y,N,Y,N,Y,37.4737247,126.93488
80,관악구,신봉천주유소,서울 관악구 남부순환로 1880,SK에너지,1732,1620,N,Y,N,N,Y,N,37.4787572,126.9583432
81,관악구,문성골주유소,서울 관악구 문성로 97,HD현대오일뱅크,1779,1649,N,Y,N,N,N,N,37.4777941,126.9143022
82,관악구,관악시몬주유소,서울특별시 관악구 남부순환로 1753,S-OIL,1795,1645,N,Y,N,N,N,N,37.4823585,126.945101
83,관악구,신림주유소,서울 관악구 남부순환로 1515,GS칼텍스,1898,1738,N,Y,N,N,N,N,37.4829496,126.9189553
84,광진구,(주)창원CW,서울 광진구 광나루로 460,HD현대오일뱅크,1589,1459,Y,Y,N,N,N,N,37.5451042,127.0804969
85,광진구,중원주유소,서울 광진구 동일로 398,HD현대오일뱅크,1589,1459,Y,Y,N,N,N,N,37.5658562,127.0777046
86,광진구,대원주유소,서울 광진구 용마산로 122,GS칼텍스,1589,1455,Y,Y,N,N,N,N,37.5645477,127.086996
87,광진구,(주)장수주유소,서울 광진구 동일로 266,SK에너지,1625,1498,Y,N,N,Y,N,Y,37.5549721,127.0715197
88,광진구,삼호주유소,서울 광진구 천호대로 809,S-OIL,1625,1489,Y,Y,N,N,N,Y,37.5456356,127.1037341
89,광진구,능동주유소,서울 광진구 천호대로 584,HD현대오일뱅크,1625,1489,Y,Y,N,Y,N,Y,37.5555551,127.082455
90,광진구,정해네트웍스(주)일진주유소,서울 광진구 동일로 413,S-OIL,1627,1497,Y,Y,N,N,N,Y,37.5674868,127.0780027
91,광진구,장호셀프주유소,서울 광진구 자양로 37,HD현대오일뱅크,1635,1499,Y,Y,N,Y,N,N,37.5312783,127.0858325
92,광진구,중곡현대주유소,서울 광진구 동일로 435,HD현대오일뱅크,1655,1519,Y,Y,N,N,N,N,37.5693323,127.0790178
93,광진구,자양주유소,서울 광진구 아차산로 298,SK에너지,1728,1608,N,Y,N,N,N,N,37.5381271,127.0758985
94,광진구,강평주유소,서울 광진구 아차산로 616,SK에너지,1898,1768,N,Y,N,N,N,N,37.5476119,127.1072051
95,구로구,고척주유소,서울 구로구 고척로 199,HD현대오일뱅크,1579,1479,Y,Y,N,N,N,N,37.5051273,126.8554406
96,구로구,항동주유소,서울 구로구 서해안로 2154,S-OIL,1585,1445,Y,Y,N,N,N,N,37.4834391,126.8278279
97,구로구,개봉동주유소,서울 구로구 경인로 290,GS칼텍스,1589,1479,Y,Y,N,N,N,Y,37.4976403,126.8523714
98,구로구,구로드림주유소,서울 구로구 경인로 41,S-OIL,1595,1485,Y,Y,N,N,N,N,37.4910524,126.8266547
99,구로구,신성주유소,서울 구로구 구로동로 187,알뜰주유소,1597,1483,Y,Y,N,N,N,N,37.4951588,126.8823886
100,구로구,(주)한미석유구로그린주유소,서울 구로구 구로중앙로 76,GS칼텍스,1599,1485,Y,Y,N,Y,N,N,37.4963064,126.8884444
101,구로구,개봉주유소,서울 구로구 고척로 115,HD현대오일뱅크,1599,1485,Y,Y,N,N,N,N,37.50193720000001,126.8468175
102,구로구,대성산업(주)디큐브주유소,서울 구로구 경인로 650,GS칼텍스,1635,1480,N,N,N,N,N,Y,37.5078855,126.8870874
103,구로구,SK구로주유소,서울 구로구 구일로 94,SK에너지,1665,1535,N,Y,N,N,N,N,37.4936018,126.872189
104,구로구,구인주유소,서울 구로구 경인로 558,SK에너지,1665,1535,N,Y,N,Y,Y,N,37.5025176,126.8797515
105,구로구,구로셀프주유소,서울 구로구 시흥대로 531,HD현대오일뱅크,1679,1577,Y,Y,N,Y,N,Y,37.4810027,126.8992662
106,구로구,서서울고속주유소,서울 구로구 경인로 150,SK에너지,1695,1555,Y,Y,N,N,N,N,37.4933178,126.8384329
107,구로구,대원셀프주유소,서울 구로구 개봉로 7,HD현대오일뱅크,1698,1578,Y,Y,N,N,N,N,37.4861643,126.8561585
108,구로구,신구로주유소,서울 구로구 가마산로 293,HD현대오일뱅크,1948,1748,N,Y,N,N,N,N,37.4975223,126.8924841
109,구로구,동아주유소,서울 구로구 도림로 91,S-OIL,1998,1798,N,N,N,N,Y,N,37.4908509,126.8931878
110,금천구,금천지점,서울 금천구 독산로 147,HD현대오일뱅크,1589,1478,Y,Y,N,N,N,N,37.460506,126.9045162
111,금천구,화동주유소,서울 금천구 시흥대로 484,SK에너지,1597,1494,Y,Y,N,N,N,N,37.4767974,126.8991596
112,금천구,구광주유소,서울 금천구 서부샛길 674,S-OIL,1605,1495,N,Y,N,N,N,N,37.4820373,126.8751711
113,금천구,대득에너지(금천셀프주유소),서울 금천구  시흥대로 81,GS칼텍스,1655,1525,Y,Y,N,N,Y,Y,37.4412805,126.9029246
114,금천구,백산주유소,서울특별시 금천구  시흥대로 174,S-OIL,1695,1565,Y,Y,N,Y,N,N,37.4496856,126.9029496
115,금천구,지에스칼텍스(주)일신주유소,서울 금천구 시흥대로 118,GS칼텍스,1705,1595,Y,Y,N,N,N,N,37.4444739,126.9042657
116,금천구,박미주유소,서울 금천구 시흥대로 39-7,SK에너지,1729,1592,Y,Y,N,N,N,N,37.4371925,126.9024329
117,금천구,이가주유소,서울 금천구 시흥대로 441,SK에너지,1735,1602,N,Y,N,Y,N,N,37.4730289,126.8979341
118,노원구,화랑대주유소,서울 노원구 화랑로 483,HD현대오일뱅크,1635,1495,Y,Y,N,N,N,Y,37.61957719999999,127.0806305
119,노원구,(주)정건에너지직영,서울 노원구 노원로17길 29,HD현대오일뱅크,1635,1495,Y,Y,N,N,N,N,37.642188,127.0703943
120,노원구,이엠석유(주)배꽃나라주유소,서울 노원구 화랑로 466,GS칼텍스,1635,1495,Y,Y,N,Y,N,N,37.6185535,127.0790885
121,노원구,불암,서울 노원구 한글비석로 268,S-OIL,1641,1535,Y,Y,N,N,N,N,37.6513513,127.0772401
122,노원구,태릉솔밭주유소,서울 노원구 노원로 49,S-OIL,1645,1515,Y,Y,N,N,N,Y,37.6259652,127.0855897
123,노원구,한신주유소,서울 노원구 동일로 1089,SK에너지,1645,1555,Y,Y,N,N,N,N,37.626983,127.0719417
124,노원구,월계주유소,서울 노원구 월계로 252,GS칼텍스,1669,1529,Y,Y,N,N,N,N,37.6247784,127.0507659
125,노원구,삼육주유소,서울 노원구 화랑로 822,SK에너지,1695,1565,Y,Y,N,N,N,N,37.6386379,127.1090597
126,노원구,성북역주유소,서울특별시 노원구  광운로 95,GS칼텍스,1728,1598,N,Y,N,N,N,N,37.625771,127.0599365
127,노원구,신성주유소,서울 노원구 월계로 328,S-OIL,1728,1598,Y,Y,N,N,N,Y,37.6287786,127.0573351
128,노원구,상계주유소,서울 노원구 노해로 527,SK에너지,1729,1599,N,Y,N,N,N,N,37.6559391,127.0664063
129,노원구,상계동주유소,서울 노원구 노원로26길 191,HD현대오일뱅크,1750,1630,N,N,N,Y,N,N,37.6583938,127.0711375
130,도봉구,주식회사,서울 도봉구 도봉로 941,HD현대오일뱅크,1559,1439,Y,Y,N,N,N,N,37.6884305,127.0453374
131,도봉구,요한주유소,서울 도봉구 마들로 776,HD현대오일뱅크,1559,1439,Y,Y,N,N,N,N,37.678983,127.0497224
132,도봉구,햇살주유소,서울 도봉구 방학로 142,HD현대오일뱅크,1559,1439,Y,Y,N,N,N,N,37.6630015,127.0363325
133,도봉구,대안주유소,서울 도봉구 마들로 574,S-OIL,1585,1445,Y,Y,N,Y,N,N,37.6615155,127.0475247
134,도봉구,쌍문주유소,서울 도봉구 도봉로 547,S-OIL,1589,1459,Y,Y,N,Y,N,Y,37.65401629999999,127.0375558
135,도봉구,쌍문으뜸주유소,서울 도봉구 노해로 161,HD현대오일뱅크,1595,1485,Y,Y,N,N,N,N,37.649024,127.02688
136,도봉구,방학동주유소,서울 도봉구 방학로 186,GS칼텍스,1599,1469,Y,Y,N,N,N,N,37.6624108,127.0314758
137,도봉구,도봉,서울 도봉구 도봉로 706,S-OIL,1599,1469,Y,Y,N,Y,N,N,37.6674575,127.0435896
138,도봉구,삼미북부셀프주유소,서울 도봉구 도봉로 437,SK에너지,1619,1489,Y,Y,N,N,N,Y,37.6450551,127.0321144
139,도봉구,대성산업(주)신창주유소,서울 도봉구 덕릉로 267,GS칼텍스,1635,1495,Y,Y,N,N,N,Y,37.6413354,127.040236
140,도봉구,오복주유소,서울 도봉구 방학로 43,S-OIL,1765,1595,Y,Y,N,N,N,N,37.662341,127.0474542
141,도봉구,영신주유소,서울 도봉구 방학로 151,HD현대오일뱅크,1777,1647,N,Y,N,N,N,N,37.6623796,127.0354481
142,동대문구,배봉로지점,서울 동대문구 서울시립대로 108,HD현대오일뱅크,1599,1465,Y,Y,N,N,N,N,37.5800151,127.0510496
143,동대문구,재정주유소,서울 동대문구 전농로 121,HD현대오일뱅크,1599,1465,Y,Y,N,N,N,N,37.5757038,127.0574394
144,동대문구,재정제2주유소,서울 동대문구 사가정로 90,HD현대오일뱅크,1599,1465,Y,Y,N,N,N,N,37.5758698,127.0556493
145,동대문구,풍한주유소,서울 동대문구 안암로 168,SK에너지,1605,1475,N,Y,N,N,N,Y,37.5892531,127.0360122
146,동대문구,대성산업(주)동마장주유소,서울 동대문구 고산자로 405,GS칼텍스,1645,1495,Y,Y,N,Y,N,Y,37.5756916,127.0377503
147,동대문구,삼미상사(주)장안킹셀프주유소,서울 동대문구  한천로 100,SK에너지,1675,1555,Y,Y,N,N,N,N,37.5700455,127.064905
148,동대문구,스피드주유소,서울 동대문구 천호대로 453,HD현대오일뱅크,1689,1569,N,Y,N,N,N,Y,37.5611749,127.0694183
149,동대문구,홍능주유소,서울 동대문구 홍릉로 87,S-OIL,1695,1575,N,Y,N,N,N,N,37.587938,127.0426612
150,동대문구,삼영주유소,서울 동대문구 답십리로 258,SK에너지,1695,1575,N,Y,N,N,N,N,37.5723064,127.0688224
151,동대문구,삼원셀프주유소,서울 동대문구 망우로 90,SK에너지,1698,1588,Y,Y,N,N,N,N,37.5901827,127.0632663
152,동작구,새서울글로벌,서울 동작구 시흥대로 616,HD현대오일뱅크,1599,1488,Y,Y,N,N,N,Y,37.48712039999999,126.9056444
153,동작구,창원이엔지주유소,서울 동작구 사당로 59,HD현대오일뱅크,1649,1539,Y,Y,N,N,N,N,37.4948674,126.9613387
154,동작구,사당셀프주유소,서울 동작구 동작대로 73,HD현대오일뱅크,1669,1569,Y,Y,N,N,N,Y,37.4831082,126.9815397
155,동작구,남성주유소,서울 동작구 동작대로 135,GS칼텍스,1685,1579,Y,N,N,N,N,Y,37.4886815,126.9819661
156,동작구,흑석동셀프주유소,서울 동작구 현충로 101,HD현대오일뱅크,1699,1609,Y,Y,N,N,N,Y,37.5080132,126.9652693
157,동작구,매일주유소,서울 동작구 상도로 139,S-OIL,1699,1629,Y,Y,N,N,N,N,37.5027348,126.9350838
158,동작구,동작주유소,서울 동작구 상도로 403,HD현대오일뱅크,1709,1599,N,Y,N,N,N,N,37.4934739,126.9565221
159,마포구,성산대교셀프주유소,서울 마포구 성산로 144,HD현대오일뱅크,1629,1549,Y,Y,N,Y,N,N,37.5642985,126.9093474
160,마포구,청원주유소,서울 마포구 월드컵북로 113,HD현대오일뱅크,1629,1549,Y,Y,N,N,N,N,37.5632236,126.9132508
161,마포구,망원동주유소,서울 마포구 월드컵로 119,SK에너지,1738,1628,N,Y,N,N,N,N,37.558782,126.9072526
162,마포구,마포주유소,서울 마포구 마포대로 186,S-OIL,1759,1639,Y,Y,N,N,N,N,37.5506305,126.9556511
163,마포구,염리동주유소,서울 마포구 백범로 126,S-OIL,1759,1639,Y,Y,N,N,N,N,37.5462863,126.9448137
164,마포구,에스에스오토셀프,서울 마포구 서강로 76,HD현대오일뱅크,1769,1659,Y,Y,N,N,N,Y,37.5498337,126.9325724
165,마포구,대흥주유소,서울 마포구 대흥로 61,SK에너지,1769,1659,N,Y,N,N,N,Y,37.5459548,126.9398991
166,마포구,양지주유소,서울 마포구 마포대로 69,SK에너지,1825,1725,N,N,N,N,Y,Y,37.5420713,126.9486522
167,마포구,안국주유소,서울 마포구 양화로 33,SK에너지,1829,1729,N,N,N,N,N,Y,37.5493064,126.9126217
168,서대문구,(주)가재울뉴타운주유소,서울 서대문구 모래내로 205,HD현대오일뱅크,1619,1519,Y,N,N,N,Y,N,37.5732673,126.9224318
169,서대문구,연세주유소,서울 서대문구 연희로 184,HD현대오일뱅크,1624,1569,Y,Y,N,N,N,N,37.5734611,126.935919
170,서대문구,지에스칼텍스(주)홍제동주유소,서울 서대문구 통일로 372,GS칼텍스,1624,1519,Y,Y,N,N,N,N,37.5835495,126.9501318
171,서대문구,두꺼비,서울 서대문구 성산로 312,S-OIL,1629,1539,Y,Y,N,Y,N,N,37.5660451,126.9249055
172,서대문구,신우주유소,서울 서대문구 가좌로 106(홍은동),S-OIL,1629,1519,Y,Y,N,Y,N,N,37.5822656,126.9266001
173,서대문구,동교지점,서울 서대문구 연희로 12,SK에너지,1678,1578,Y,N,N,N,Y,N,37.5598219,126.9268491
174,서대문구,삼보셀프주유소,서울 서대문구 연희로 78,SK에너지,1678,1569,Y,Y,N,Y,N,N,37.5650007,126.9299305
175,서대문구,행촌제2주유소,서울 서대문구 성산로 490,SK에너지,1678,1569,Y,Y,N,N,Y,Y,37.5610129,126.9415334
176,서대문구,문화사랑주유소,서울 서대문구 세검정로 87,S-OIL,1689,1599,Y,Y,N,N,N,N,37.595515,126.9485511
177,서대문구,연희주유소,서울 서대문구 연희로 129,SK에너지,1695,1595,N,Y,N,N,Y,N,37.569286,126.9325313
178,서대문구,광호주유소,서울 서대문구 연희로 266,SK에너지,1695,1595,N,Y,N,N,N,N,37.5806854,126.9364634
179,서초구,만남의광장주유소,서울 서초구 양재대로12길 73-71,알뜰(ex),1624,1474,Y,N,Y,N,Y,Y,37.4600837,127.0421686
180,서초구,남태령주유소,서울 서초구 과천대로 838,SK에너지,1655,1535,Y,Y,N,N,N,N,37.4668958,126.9878319
181,서초구,내곡드림주유소,서울 서초구 헌릉로 177,S-OIL,1655,1525,Y,Y,N,N,N,N,37.4573705,127.0602632
182,서초구,전당앞주유소,서울 서초구 남부순환로 2391,S-OIL,1655,1525,Y,Y,Y,Y,N,N,37.4805543,127.0118209
183,서초구,내곡,서울 서초구 헌릉로 210,GS칼텍스,1669,1539,Y,Y,Y,N,N,Y,37.4553101,127.0629277
184,서초구,양재최고주유소,서울 서초구 매헌로 72,S-OIL,1674,1554,N,Y,N,N,N,N,37.4671577,127.034715
185,서초구,사평로주유소,서울 서초구 사평대로 350,HD현대오일뱅크,1679,1625,N,Y,N,N,N,N,37.5033026,127.0215211
186,서초구,지에스칼텍스(주)선천주유소,서울 서초구 동작대로 206,GS칼텍스,1685,1579,N,Y,N,N,N,N,37.4949425,126.9832056
187,서초구,반포그린주유소,서울 서초구 서초중앙로 239,GS칼텍스,1689,1645,Y,Y,N,N,N,N,37.5032325,127.0108559
188,서초구,삼방주유소,서울 서초구 사평대로 364,GS칼텍스,1689,1645,Y,Y,N,N,N,Y,37.5037123,127.0230958
189,서초구,신반포주유소,서울 서초구 사평대로 94,SK에너지,1690,1565,Y,Y,N,N,N,Y,37.498395,126.9948073
190,서초구,오토테크주유소,서울특별시 서초구  효령로 356,S-OIL,1694,1558,Y,Y,N,Y,N,N,37.4864808,127.0228591
191,서초구,태봉셀프주유소,서울 서초구 태봉로 117,SK에너지,1699,1589,Y,Y,N,Y,N,N,37.4682757,127.028177
192,서초구,대성석유(주)연일주유소,서울 서초구 남부순환로 2451,GS칼텍스,1699,1575,N,Y,N,N,Y,N,37.4825868,127.0185128
193,서초구,팔레스주유소,서울 서초구 사평대로 136,HD현대오일뱅크,1710,1614,N,N,N,N,N,Y,37.50013939999999,126.9991833
194,서초구,방배현대주유소,서울 서초구 동작대로 182,HD현대오일뱅크,1714,1608,N,Y,N,Y,N,N,37.4928547,126.9831829
195,서초구,서초제일주유소,서울 서초구 사임당로 116,HD현대오일뱅크,1720,1653,N,Y,N,N,N,N,37.4905573,127.0226052
196,서초구,터미널(고속)주유소,서울 서초구 신반포로 222,GS칼텍스,1725,1625,N,Y,N,N,N,Y,37.5067688,127.0088214
197,서초구,양재주유소,서울 서초구 바우뫼로 178,SK에너지,1726,1614,N,Y,N,N,N,Y,37.47808850000001,127.0395922
198,서초구,서초우면산주유소,서울 서초구 양재대로2길 100-30,S-OIL,1728,1598,Y,Y,N,N,N,N,37.4572952,127.0162141
199,서초구,대신석유(주)대우주유소,서울 서초구 양재대로 173,SK에너지,1737,1617,Y,Y,N,N,Y,N,37.4628309,127.0375576
200,서초구,양재현대주유소,서울 서초구 마방로 6,HD현대오일뱅크,1756,1654,N,Y,N,N,N,N,37.4735721,127.0397039
201,서초구,지에스칼텍스(주)남서울주유소,서울 서초구 나루터로 83,GS칼텍스,1800,1769,Y,Y,N,N,Y,Y,37.5161567,127.0189145
202,서초구,대신석유㈜서원주유소,서울 서초구 반포대로 142,SK에너지,1998,1898,N,Y,N,N,N,N,37.4928016,127.0075873
203,서초구,중앙주유소,서울특별시 서초구  바우뫼로 219,HD현대오일뱅크,2258,1998,N,Y,N,N,N,N,37.4815514,127.0422343
204,성동구,㈜성동에너지,서울 성동구 천호대로 392,HD현대오일뱅크,1545,1429,Y,Y,N,N,N,N,37.5614303,127.0623272
205,성동구,직영,서울 성동구 천호대로 324,S-OIL,1625,1489,Y,Y,N,N,N,Y,37.56426070000001,127.055685
206,성동구,아이콘주유소,서울 성동구 고산자로 273,S-OIL,1638,1488,Y,Y,N,N,N,Y,37.5642138,127.0359218
207,성동구,동일주유소,서울 성동구 광나루로 254,GS칼텍스,1654,1538,N,Y,N,Y,N,N,37.548454,127.0578468
208,성동구,효진주유소,서울 성동구 동일로 129,HD현대오일뱅크,1655,1538,N,Y,N,N,N,Y,37.54407130000001,127.0647101
209,성동구,도루코주유소,서울 성동구 아차산로 180,GS칼텍스,1655,1538,Y,Y,N,Y,N,Y,37.5420525,127.0634301
210,성동구,성수만세주유소,서울 성동구 왕십리로 109,SK에너지,1655,1538,Y,Y,N,N,N,N,37.5475346,127.0442557
211,성동구,군자동주유소,서울특별시 성동구  천호대로 446,SK에너지,1669,1549,N,Y,N,N,N,Y,37.56055500000001,127.0683433
212,성동구,성동셀프주유소,서울 성동구 마장로 311,HD현대오일뱅크,1707,1547,Y,Y,N,N,N,N,37.5670144,127.0437272
213,성동구,성수주유소,서울 성동구 뚝섬로 352,SK에너지,1759,1649,N,Y,N,N,N,N,37.5399634,127.049938
214,성동구,SK세원2주유소,서울 성동구 광나루로 184,SK에너지,1780,1655,N,Y,N,Y,N,N,37.5509095,127.0505002
215,성동구,금호주유소,서울 성동구 금호로 39,GS칼텍스,1965,1824,N,Y,N,N,N,N,37.5470866,127.0250571
216,성동구,청계로주유소,서울 성동구 청계천로 454,SK에너지,2195,2095,N,Y,N,N,N,N,37.5700973,127.0274044
217,성북구,강산제2주유소,서울 성북구 보국문로 52,HD현대오일뱅크,1589,1459,Y,Y,N,N,N,N,37.609185,127.0100314
218,성북구,강산주유소,서울 성북구 보문로 27,GS칼텍스,1589,1459,Y,Y,N,N,N,Y,37.5779496,127.0228716
219,성북구,정릉주유소,서울 성북구 보국문로 35,GS칼텍스,1589,1459,Y,Y,N,Y,N,N,37.6076426,127.0099487
220,성북구,(주)성북주유소,서울 성북구 보문로 142,HD현대오일뱅크,1595,1475,Y,Y,N,N,N,N,37.58757749999999,127.018447
221,성북구,장위주유소,서울 성북구 화랑로 110,S-OIL,1614,1474,Y,Y,N,N,N,Y,37.603605,127.0437765
222,성북구,주유소,서울 성북구 한천로 612,HD현대오일뱅크,1615,1485,Y,Y,N,N,N,N,37.6136043,127.0602993
223,성북구,효성주유소,서울 성북구 화랑로 27,GS칼텍스,1615,1495,Y,Y,N,N,N,Y,37.6031281,127.0351726
224,성북구,종암지점,서울 성북구 종암로 58,SK에너지,1615,1475,Y,Y,N,N,N,Y,37.5956086,127.0360473
225,성북구,북악셀프주유소,서울 성북구 정릉로 218,HD현대오일뱅크,1619,1495,Y,Y,N,N,N,N,37.6055001,127.0085818
226,성북구,고대셀프주유소,서울 성북구 종암로 12,HD현대오일뱅크,1619,1495,Y,Y,N,N,N,N,37.5916521,127.0366717
227,성북구,종암주유소,서울 성북구 종암로 145,GS칼텍스,1635,1505,Y,Y,N,N,N,Y,37.6027636,127.0320634
228,성북구,우리주유소,서울 성북구 화랑로 292,SK에너지,1644,1495,Y,Y,N,Y,N,Y,37.6126118,127.0614248
229,성북구,동일주유소,서울특별시 성북구  보문로 85,S-OIL,1655,1575,Y,Y,N,N,N,N,37.5829768,127.0203814
230,성북구,구도일주유소화랑로,서울 성북구 화랑로 174,S-OIL,1673,1543,Y,Y,N,Y,N,N,37.6068678,127.0500641
231,성북구,삼선주유소,서울 성북구 창경궁로 324,S-OIL,1762,1628,Y,Y,N,N,N,N,37.5879888,127.005574
232,성북구,아리랑주유소,서울 성북구 아리랑로 96,HD현대오일뱅크,1785,1655,N,Y,N,N,N,N,37.600488,127.0142664
233,송파구,대성주유소,서울 송파구 마천로 230,SK에너지,1638,1538,N,Y,N,N,N,N,37.500054,127.1431473
234,송파구,(주)유진주유소,서울 송파구 동남로 325,SK에너지,1645,1543,N,Y,N,N,N,N,37.5045778,127.1384385
235,송파구,위례드림주유소,서울시 송파구  위례중앙로 10,S-OIL,1645,1538,Y,Y,N,N,N,Y,37.4754274,127.1284707
236,송파구,상아주유소,서울 송파구 거마로 82,S-OIL,1645,1538,Y,Y,N,N,N,N,37.500202,127.1478703
237,송파구,남성대주유소,서울 송파구 송파대로 52,SK에너지,1645,1538,Y,Y,N,Y,N,Y,37.4753841,127.1275855
238,송파구,송파스마일주유소,서울 송파구 송이로 28,GS칼텍스,1653,1533,Y,N,N,Y,N,N,37.5026163,127.1164968
239,송파구,한강에너지(주)퍼스트주유소,서울 송파구 삼학사로 22,SK에너지,1653,1533,Y,Y,N,Y,N,Y,37.4993144,127.0970662
240,송파구,잠실셀프주유소,서울 송파구 송파대로 397,HD현대오일뱅크,1653,1533,Y,N,N,N,N,Y,37.5027277,127.108967
241,송파구,송파제일주유소,서울 송파구 삼학사로 50,HD현대오일뱅크,1653,1533,Y,Y,N,Y,N,Y,37.5016713,127.0973336
242,송파구,아시아주유소,서울 송파구 도곡로 438,GS칼텍스,1663,1543,Y,Y,N,N,N,N,37.5045958,127.0773693
243,송파구,삼화주유소,서울 송파구 백제고분로 125,GS칼텍스,1663,1543,Y,N,N,N,N,Y,37.5065882,127.0810065
244,송파구,서울지점,서울 송파구 가락로 47,SK에너지,1669,1533,Y,Y,N,Y,N,Y,37.4994902,127.1017419
245,송파구,(주)잠실에너지,서울 송파구 송파대로 442,S-OIL,1673,1563,Y,Y,N,Y,N,Y,37.5063192,127.1066465
246,송파구,훼미리주유소,서울 송파구 중대로 58,GS칼텍스,1673,1563,Y,Y,N,N,N,N,37.4912353,127.1153533
247,송파구,(주)버드에너지,서울 송파구 위례서로 260,S-OIL,1673,1563,Y,Y,N,N,N,N,37.4878153,127.1426953
248,송파구,지에스칼텍스(주)스마트위례주유소,서울 송파구 위례중앙로 43,GS칼텍스,1683,1573,Y,Y,N,N,N,N,37.4754161,127.1321545
249,송파구,지에스칼텍스(주)가든파이브주유소,서울 송파구 탄천동로 740,GS칼텍스,1683,1573,Y,Y,N,N,N,Y,37.4972962,127.0892473
250,송파구,제트라인DM주유소,서울 송파구 중대로 183,HD현대오일뱅크,1685,1578,N,N,N,Y,N,N,37.4985047,127.125431
251,송파구,(주)정직한주유소,서울 송파구 오금로 455,HD현대오일뱅크,1685,1585,Y,Y,N,N,N,N,37.49553,127.1402812
252,송파구,우리주유소,서울 송파구 동남로 153,GS칼텍스,1692,1578,Y,Y,N,N,N,N,37.49238570000001,127.1273583
253,송파구,대성석유(주)석촌주유소,서울 송파구 백제고분로 289,GS칼텍스,1697,1597,N,N,N,Y,N,N,37.5028242,127.0985725
254,송파구,완불주유소,서울 송파구 송파대로 3,SK에너지,1785,1598,Y,Y,N,N,N,Y,37.4711097,127.1261708
255,송파구,백제고분로주유소,서울 송파구 오금로 143,SK에너지,1787,1674,Y,Y,N,Y,Y,Y,37.5111169,127.11112
256,송파구,방이주유소,서울 송파구 위례성대로12길 38,SK에너지,1787,1674,N,Y,N,Y,N,N,37.5106744,127.1208223
257,송파구,올림픽셀프주유소,서울 송파구 위례성대로 188,HD현대오일뱅크,1789,1679,Y,Y,N,Y,N,Y,37.509825,127.131607
258,송파구,남성주유소,서울 송파구 백제고분로 474,HD현대오일뱅크,1793,1599,Y,Y,N,N,N,N,37.5125917,127.1139709
259,송파구,대신석유(주)진양주유소,서울 송파구 올림픽로 499,SK에너지,1898,1798,N,Y,N,N,N,N,37.52700170000001,127.1180922
260,양천구,남부주유소,서울 양천구 남부순환로 553,HD현대오일뱅크,1556,1445,Y,Y,N,N,N,N,37.5194921,126.8388027
261,양천구,현대주유소,서울 양천구 남부순환로 372,S-OIL,1556,1445,Y,Y,N,N,N,N,37.5338727,126.8292625
262,양천구,플라트(주)서호주유소,서울 양천구 남부순환로 317,GS칼텍스,1556,1445,Y,Y,N,Y,N,N,37.5386609,126.8268367
263,양천구,삼미상사(주)신월IC셀프주유소,서울 양천구 중앙로 331,SK에너지,1594,1499,Y,N,N,Y,N,N,37.5255016,126.8497956
264,양천구,양천구주유소,서울 양천구 국회대로 275,HD현대오일뱅크,1598,1498,Y,Y,N,Y,N,Y,37.5303149,126.8655168
265,양천구,가로공원주유소,서울 양천구 가로공원로 165,SK에너지,1608,1493,N,Y,N,N,N,Y,37.5370157,126.8342852
266,양천구,개나리Self주유소,서울 양천구 남부순환로 442,SK에너지,1616,1475,Y,Y,N,Y,N,N,37.5282825,126.8329476
267,양천구,신정동주유소,서울 양천구 안양천로 663,HD현대오일뱅크,1647,1527,Y,Y,N,N,Y,N,37.5065537,126.8711542
268,양천구,서울주유소,서울 양천구 신정로 236,GS칼텍스,1649,1475,Y,Y,N,N,N,N,37.510561,126.8476971
269,양천구,양천셀프주유소,서울 양천구 목동로 17,HD현대오일뱅크,1655,1549,Y,Y,N,N,N,N,37.5106675,126.8710352
270,양천구,형산석유(주)원주유소,서울 양천구 남부순환로 408,HD현대오일뱅크,1659,1529,N,Y,N,Y,N,N,37.53113889999999,126.8309818
271,양천구,건지주유소,서울 양천구 안양천로 1171,GS칼텍스,1664,1564,Y,Y,Y,N,N,N,37.5453243,126.8821112
272,양천구,목동주유소,서울 양천구 목동서로 129,GS칼텍스,1664,1564,Y,Y,N,N,N,N,37.5321651,126.8755188
273,양천구,신평,서울 양천구 목동남로 62,SK에너지,1665,1583,N,Y,N,Y,N,N,37.5093842,126.866217
274,양천구,목동주유소,서울 양천구 목동중앙로 125,SK에너지,1679,1563,Y,Y,N,N,N,N,37.5396159,126.8745755
275,양천구,경인주유소,서울 양천구 국회대로 170,SK에너지,1692,1530,Y,Y,N,N,N,N,37.5281554,126.8538235
276,양천구,양천현대셀프주유소,서울 양천구 안양천로 1179,HD현대오일뱅크,1699,1599,Y,Y,Y,Y,N,Y,37.5459778,126.8813541
277,양천구,(주)서부트럭터미날,서울 양천구 신정로 167,HD현대오일뱅크,1699,1559,N,Y,N,N,N,N,37.5094872,126.8392408
278,양천구,신양주유소,서울 양천구 지양로 67,SK에너지,1799,1664,N,Y,N,N,N,N,37.5215246,126.8338425
279,양천구,신목동셀프주유소,서울 양천구 목동동로10길 13,HD현대오일뱅크,1799,1699,Y,Y,N,Y,N,N,37.5195788,126.8710739
280,영등포구,영등포제일셀프주유소,서울 영등포구 가마산로 379,HD현대오일뱅크,1599,1485,Y,Y,N,Y,N,N,37.5023476,126.8995031
281,영등포구,남서울고속주유소,서울 영등포구 가마산로 367,SK에너지,1599,1485,Y,Y,N,N,N,N,37.5016028,126.8988662
282,영등포구,성락주유소,서울 영등포구 가마산로 414,S-OIL,1599,1485,Y,Y,N,N,N,N,37.503825,126.902869
283,영등포구,(주)MS오일,서울 영등포구 대림로 230,HD현대오일뱅크,1599,1485,N,Y,N,N,N,N,37.5013367,126.8974358
284,영등포구,행촌주유소,서울 영등포구 도신로 130,SK에너지,1599,1485,Y,Y,N,N,Y,Y,37.5086161,126.9062365
285,영등포구,대청주유소,서울 영등포구 가마산로 328,GS칼텍스,1599,1485,Y,Y,N,Y,N,Y,37.4985472,126.895759
286,영등포구,(주)강서오일,서울 영등포구 도신로 151,HD현대오일뱅크,1599,1485,Y,N,N,N,N,Y,37.5100219,126.908238
287,영등포구,도림주유소,서울 영등포구 도림로 343,알뜰주유소,1599,1485,Y,N,N,Y,N,N,37.5077607,126.9002361
288,영등포구,한경석유(주)경덕주유소,서울 영등포구 여의대방로23길 2,SK에너지,1599,1485,Y,Y,N,N,N,N,37.4983903,126.9197936
289,영등포구,신길주유소,서울 영등포구 신길로 74,GS칼텍스,1609,1495,Y,Y,N,N,N,Y,37.4990517,126.9087328
290,영등포구,한일주유소,서울 영등포구 도림로 486,S-OIL,1628,1498,Y,Y,N,N,N,N,37.5169633,126.8898184
291,영등포구,모드니주유소,서울 영등포구 경인로 789,GS칼텍스,1639,1494,N,Y,N,N,N,N,37.5146455,126.9007596
292,영등포구,보라주유소,서울 영등포구 영등포로 399,GS칼텍스,1639,1490,N,Y,N,N,N,N,37.5135359,126.9227357
293,영등포구,신길동주유소,서울 영등포구 영등포로 348,SK에너지,1669,1539,N,Y,N,N,N,N,37.5153215,126.9170112
294,영등포구,양평주유소,서울 영등포구 선유로 195,SK에너지,1719,1609,Y,Y,N,N,N,Y,37.5310832,126.8934093
295,영등포구,제2한강주유소,서울 영등포구 선유로 260,GS칼텍스,1719,1609,Y,Y,N,N,N,N,37.5355339,126.8979553
296,영등포구,선유도주유소,서울 영등포구 양평로 141,S-OIL,1729,1619,Y,Y,N,N,N,N,37.5384408,126.8922221
297,영등포구,기린주유소,서울 영등포구 선유로 270,SK에너지,1738,1619,Y,Y,N,N,Y,Y,37.5360437,126.899268
298,영등포구,국회대로주유소,서울 영등포구 국회대로 746,HD현대오일뱅크,1769,1659,Y,Y,N,N,N,N,37.52799359999999,126.916041
299,영등포구,버드나룻길주유소,서울 영등포구 버드나루로 111,SK에너지,2145,1995,N,Y,N,N,N,N,37.5280177,126.9078708
300,영등포구,KH여의도주유소,서울 영등포구 국회대로 794,SK에너지,2195,2189,N,Y,N,N,N,N,37.5307944,126.9203901
301,영등포구,여의도주유소,서울 영등포구 은행로 64,GS칼텍스,2255,2195,N,Y,Y,N,Y,Y,37.53037990000001,126.9255782
302,용산구,한남동주유소,서울 용산구 한남대로 204,HD현대오일뱅크,1892,1797,N,Y,N,Y,N,N,37.5459695,127.0028749
303,용산구,풍기주유소,서울 용산구 원효로 178,GS칼텍스,2099,1988,N,N,N,N,Y,N,37.5356171,126.9627002
304,용산구,강변현대주유소,서울 용산구 원효로 9,HD현대오일뱅크,2109,1999,N,Y,N,Y,N,N,37.5349451,126.9458759
305,용산구,(주)신태성주유소,서울 용산구 원효로 147,SK에너지,2158,2025,N,Y,N,N,N,N,37.5347184,126.9594597
306,용산구,(주)남경주유소,서울 용산구 녹사평대로11길 24,SK에너지,2164,2070,N,Y,N,Y,N,Y,37.522633,126.9931266
307,용산구,갈월동주유소,서울특별시 용산구  한강대로 322,HD현대오일뱅크,2291,2049,N,Y,N,Y,N,N,37.5470375,126.9722357
308,용산구,동자동주유소,서울 용산구 한강대로104길 6,SK에너지,2291,2048,N,Y,N,N,N,N,37.5501838,126.9722713
309,용산구,에너비스,서울 용산구 한남대로 82,SK에너지,2297,2197,N,Y,N,N,N,N,37.5360412,127.0061276
310,용산구,소월길주유소,서울 용산구 소월로 66,HD현대오일뱅크,2301,2039,N,Y,N,N,N,N,37.5544114,126.9777514
311,용산구,한석주유소,서울 용산구 이촌로 164,SK에너지,2313,2186,N,Y,N,N,N,Y,37.5213901,126.965557
312,용산구,서계주유소,서울 용산구  청파로 367,GS칼텍스,2971,2940,N,Y,N,N,N,N,37.5523286,126.9689462
313,은평구,불광주유소,서울 은평구 연서로 314,HD현대오일뱅크,1583,1433,Y,Y,N,N,N,N,37.6232789,126.9278986
314,은평구,은평유니콘주유소,서울 은평구 통일로 1151,HD현대오일뱅크,1583,1433,N,Y,N,N,N,N,37.6432264,126.9200074
315,은평구,박석고개주유소,서울 은평구 통일로 945,SK에너지,1583,1433,Y,Y,N,N,N,Y,37.6273637,126.9192727
316,은평구,타이거주유소,서울 은평구 수색로 188,SK에너지,1614,1504,Y,Y,N,N,N,N,37.5784452,126.9020117
317,은평구,신사제일주유소,서울 은평구 증산로 423,GS칼텍스,1624,1518,Y,Y,N,N,N,Y,37.5941399,126.9140399
318,은평구,지에스칼텍스(주)수색뉴타운주유소,서울 은평구 수색로 350,GS칼텍스,1629,1519,Y,Y,N,N,N,N,37.5871708,126.8875393
319,은평구,성원이앤에스(주)은평지점,서울 은평구 통일로 968,GS칼텍스,1633,1524,Y,Y,N,N,N,N,37.629232,126.919704
320,은평구,서부주유소,서울 은평구 응암로 210,GS칼텍스,1634,1528,Y,Y,N,Y,N,N,37.5907918,126.9178076
321,은평구,수색훼미리주유소,서울 은평구 수색로 236,HD현대오일뱅크,1635,1525,Y,Y,N,N,N,N,37.5810937,126.8977068
322,은평구,대성주유소,서울 은평구 통일로 642,GS칼텍스,1645,1495,Y,Y,N,N,N,Y,37.6040651,126.9352558
323,은평구,코끼리주유소,서울 은평구 서오릉로 41,자가상표,1773,1623,N,Y,N,N,N,N,37.6045276,126.9241625
324,종로구,평창주유소,서울 종로구 평창문화로 135,HD현대오일뱅크,1730,1649,Y,Y,N,N,N,N,37.6097352,126.974513
325,종로구,안풍주유소,서울 종로구 자하문로 303,S-OIL,1799,1695,N,Y,N,N,N,N,37.5992064,126.9591445
326,종로구,자하문주유소,서울 종로구 자하문로 248,SK에너지,1845,1675,Y,Y,N,N,N,N,37.5963242,126.964293
327,종로구,구도일주유소특종,서울 종로구 평창문화로 90,S-OIL,1850,1720,N,Y,N,N,N,N,37.6066898,126.9710988
328,종로구,㈜북악주유소,서울 종로구 평창문화로 137,GS칼텍스,1889,1799,Y,Y,N,N,N,N,37.6098636,126.9748982
329,중구,진심self주유소,"서울특별시 중구 왕십리로 403, 진심self주유소",S-OIL,1594,1464,Y,Y,N,Y,N,Y,37.5647309,127.0255275
330,중구,장충드림주유소,서울 중구 동호로 296,S-OIL,1745,1625,Y,Y,N,N,N,N,37.5608503,127.0034182
331,중구,약수주유소,서울 중구 다산로 173,SK에너지,1749,1638,Y,Y,N,Y,N,Y,37.5590258,127.0126614
332,중구,장충주유소,서울 중구 장충단로 202,SK에너지,2138,1988,N,Y,N,N,N,Y,37.5627797,127.0070343
333,중구,신당동주유소,서울 중구 다산로 242,SK에너지,2148,1998,N,Y,N,N,N,Y,37.5646022,127.01641
334,중구,필동주유소,서울 중구 퇴계로 196,GS칼텍스,2529,2399,N,N,N,N,N,Y,37.56091199999999,126.9937135
335,중구,서남주유소,서울 중구 통일로 30,SK에너지,2757,2627,N,Y,N,N,N,Y,37.5583749,126.9720939
336,중랑구,우림주유소,서울 중랑구 용마산로 487,GS칼텍스,1588,1458,Y,Y,N,N,N,N,37.5946489,127.0993323
337,중랑구,대원주유소,서울 중랑구 동일로 600,GS칼텍스,1589,1459,Y,Y,N,N,N,N,37.5840333,127.0801082
338,중랑구,동천,서울 중랑구 동일로 654,S-OIL,1599,1467,Y,Y,N,N,N,N,37.5890734,127.0802447
339,중랑구,면목SELF주유소,서울 중랑구 동일로 627,SK에너지,1599,1467,Y,Y,N,Y,N,N,37.5863498,127.0795885
340,중랑구,오천만주유소,서울 중랑구 동일로 547,S-OIL,1607,1467,Y,Y,N,N,N,N,37.5791224,127.0793311
341,중랑구,대양주유소,서울 중랑구 봉우재로 105,GS칼텍스,1610,1467,Y,Y,N,N,N,N,37.5925921,127.0848788
342,중랑구,한인,서울 중랑구 망우로 170,S-OIL,1637,1497,Y,Y,N,Y,N,N,37.5924655,127.071908
343,중랑구,신내주유소,서울 중랑구 용마산로 705,SK에너지,1678,1549,Y,Y,N,N,N,N,37.6141447,127.1010051
344,중랑구,범아주유소,서울 중랑구 동일로 881,S-OIL,1695,1539,N,Y,N,Y,N,N,37.6093111,127.0776725
345,중랑구,신일셀프주유소,서울 중랑구 상봉로 58,SK에너지,1698,1598,Y,Y,N,Y,N,Y,37.5909419,127.0938066
346,중랑구,용마로주유소,서울 중랑구 용마산로 309,SK에너지,1698,1598,Y,Y,N,N,N,N,37.5798777,127.0921819
